Field,Description
Industry Overview,"A sector focused on monetary transactions, investments, and financial advisory services, where employee integrity and trustworthiness are paramount due to sensitive financial data and assets."
Regulatory Environment,"Governed by strict legal and regulatory requirements related to financial reporting, data protection, and anti-money laundering. Compliance shapes the need and depth of background checks."
Common Roles Involved in Hiring Process,"Human Resources Managers, Talent Acquisition Specialists, Compliance Officers, Department Heads (like Finance or Operations), and Senior Management. These roles are typically involved in the decision-making and implementation of hiring and background checks."
Industry-Specific Needs,"Emphasis on ensuring financial integrity, ethical conduct, and clean legal records. Background checks need to be extensive, covering criminal history, credit history, and past employment."
Key Drivers for Background Checks,"Motivated by regulatory compliance, fraud prevention, ensuring employee quality, and maintaining industry reputation."
Challenges and Concerns,"Include privacy issues, cost of thorough checks, integration with HR systems, talent shortage, and effective risk management. Balancing thoroughness with operational efficiency and compliance is challenging."
Preferred Features in a Solution,"Solutions should be legally compliant, efficient, and capable of integration with existing systems. Automated checks, wide-ranging coverage, and swift processing are preferred."
Decision Influencers,"Influenced by regulatory bodies, industry standards, internal compliance teams, and risk management policies."
Impact on Operations,"Background checks can enhance hiring processes, improve compliance, and trust within operations. May require adjustments in HR operations and policy updates."
Messaging and Communication,"Strategies should focus on compliance, operational integrity, and the strategic importance of thorough background checks in managing operational risks."